{
  "baseline": {
    "overall": {
      "success_rate": 0.6676666736602783,
      "avg_steps": 6.857333183288574,
      "avg_reward": 14.99216365814209,
      "avg_risk_exposure": 0.1379866749048233,
      "avg_redundant_actions": 0.0,
      "avg_escalation_attempts": 0.7310000061988831,
      "kernel_unsafe_rate": 0.0,
      "stop_rate": 0.3323333263397217,
      "actionable_host_rate": 0.6990000009536743,
      "n_episodes": 3000.0,
      "stop_precision": 1.0
    },
    "per_seed": [
      {
        "success_rate": 0.6610000133514404,
        "avg_steps": 6.875999927520752,
        "avg_reward": 14.898070335388184,
        "avg_risk_exposure": 0.13528001308441162,
        "avg_redundant_actions": 0.0,
        "avg_escalation_attempts": 0.7160000205039978,
        "kernel_unsafe_rate": 0.0,
        "stop_rate": 0.33899998664855957,
        "actionable_host_rate": 0.6880000233650208,
        "n_episodes": 1000.0,
        "stop_precision": 1.0,
        "seed": 7.0
      },
      {
        "success_rate": 0.6710000038146973,
        "avg_steps": 6.827000141143799,
        "avg_reward": 15.057411193847656,
        "avg_risk_exposure": 0.1352900117635727,
        "avg_redundant_actions": 0.0,
        "avg_escalation_attempts": 0.7360000014305115,
        "kernel_unsafe_rate": 0.0,
        "stop_rate": 0.32899999618530273,
        "actionable_host_rate": 0.7089999914169312,
        "n_episodes": 1000.0,
        "stop_precision": 1.0,
        "seed": 42.0
      },
      {
        "success_rate": 0.6710000038146973,
        "avg_steps": 6.86899995803833,
        "avg_reward": 15.021010398864746,
        "avg_risk_exposure": 0.1433900147676468,
        "avg_redundant_actions": 0.0,
        "avg_escalation_attempts": 0.7409999966621399,
        "kernel_unsafe_rate": 0.0,
        "stop_rate": 0.32899999618530273,
        "actionable_host_rate": 0.699999988079071,
        "n_episodes": 1000.0,
        "stop_precision": 1.0,
        "seed": 1337.0
      }
    ],
    "per_archetype": {
      "containerized_app": {
        "success_rate": 0.4535147249698639,
        "avg_steps": 8.074830055236816,
        "avg_reward": 11.639524459838867,
        "avg_risk_exposure": 0.12487528473138809,
        "avg_redundant_actions": 0.0,
        "avg_escalation_attempts": 0.4852607846260071,
        "kernel_unsafe_rate": 0.0,
        "stop_rate": 0.5464852452278137,
        "actionable_host_rate": 0.478458046913147,
        "n_episodes": 441.0,
        "stop_precision": 1.0
      },
      "corporate_app": {
        "success_rate": 0.6572890281677246,
        "avg_steps": 7.02046012878418,
        "avg_reward": 14.846957206726074,
        "avg_risk_exposure": 0.13386189937591553,
        "avg_redundant_actions": 0.0,
        "avg_escalation_attempts": 0.7289002537727356,
        "kernel_unsafe_rate": 0.0,
        "stop_rate": 0.3427110016345978,
        "actionable_host_rate": 0.7033247947692871,
        "n_episodes": 782.0,
        "stop_precision": 1.0
      },
      "ctf_lab": {
        "success_rate": 0.8454258441925049,
        "avg_steps": 6.539432048797607,
        "avg_reward": 17.987255096435547,
        "avg_risk_exposure": 0.22189275920391083,
        "avg_redundant_actions": 0.0,
        "avg_escalation_attempts": 0.9684542417526245,
        "kernel_unsafe_rate": 0.0,
        "stop_rate": 0.15457412600517273,
        "actionable_host_rate": 0.8801261782646179,
        "n_episodes": 317.0,
        "stop_precision": 1.0
      },
      "hardened_host": {
        "success_rate": 0.24625267088413239,
        "avg_steps": 8.942184448242188,
        "avg_reward": 7.628586769104004,
        "avg_risk_exposure": 0.06327623128890991,
        "avg_redundant_actions": 0.0,
        "avg_escalation_attempts": 0.30620986223220825,
        "kernel_unsafe_rate": 0.0,
        "stop_rate": 0.7537473440170288,
        "actionable_host_rate": 0.2847965657711029,
        "n_episodes": 467.0,
        "stop_precision": 1.0,
        "stop_precision_on_hardened_hosts": 1.0
      },
      "neglected_server": {
        "success_rate": 0.9123867154121399,
        "avg_steps": 5.309164047241211,
        "avg_reward": 19.102344512939453,
        "avg_risk_exposure": 0.1554078608751297,
        "avg_redundant_actions": 0.0,
        "avg_escalation_attempts": 0.965760350227356,
        "kernel_unsafe_rate": 0.0,
        "stop_rate": 0.0876132920384407,
        "actionable_host_rate": 0.9305136203765869,
        "n_episodes": 993.0,
        "stop_precision": 1.0
      }
    }
  },
  "dqn": {
    "overall": {
      "success_rate": 0.6633333563804626,
      "avg_steps": 7.648666858673096,
      "avg_reward": 16.22278594970703,
      "avg_risk_exposure": 0.14724665880203247,
      "avg_redundant_actions": 0.0,
      "avg_escalation_attempts": 0.7383333444595337,
      "kernel_unsafe_rate": 0.0,
      "stop_rate": 0.33666667342185974,
      "actionable_host_rate": 0.6986666917800903,
      "n_episodes": 3000.0,
      "stop_precision": 0.998019814491272
    },
    "per_seed": [
      {
        "success_rate": 0.6600000262260437,
        "avg_steps": 7.625,
        "avg_reward": 16.166608810424805,
        "avg_risk_exposure": 0.14564000070095062,
        "avg_redundant_actions": 0.0,
        "avg_escalation_attempts": 0.7279999852180481,
        "kernel_unsafe_rate": 0.0,
        "stop_rate": 0.3400000035762787,
        "actionable_host_rate": 0.6919999718666077,
        "n_episodes": 1000.0,
        "stop_precision": 1.0,
        "seed": 7.0
      },
      {
        "success_rate": 0.6650000214576721,
        "avg_steps": 7.6620001792907715,
        "avg_reward": 16.355379104614258,
        "avg_risk_exposure": 0.14357000589370728,
        "avg_redundant_actions": 0.0,
        "avg_escalation_attempts": 0.7379999756813049,
        "kernel_unsafe_rate": 0.0,
        "stop_rate": 0.33500000834465027,
        "actionable_host_rate": 0.703000009059906,
        "n_episodes": 1000.0,
        "stop_precision": 1.0,
        "seed": 42.0
      },
      {
        "success_rate": 0.6650000214576721,
        "avg_steps": 7.658999919891357,
        "avg_reward": 16.14636993408203,
        "avg_risk_exposure": 0.1525299996137619,
        "avg_redundant_actions": 0.0,
        "avg_escalation_attempts": 0.7490000128746033,
        "kernel_unsafe_rate": 0.0,
        "stop_rate": 0.33500000834465027,
        "actionable_host_rate": 0.7009999752044678,
        "n_episodes": 1000.0,
        "stop_precision": 0.9940298795700073,
        "seed": 1337.0
      }
    ],
    "per_archetype": {
      "containerized_app": {
        "success_rate": 0.4456762671470642,
        "avg_steps": 8.090909004211426,
        "avg_reward": 11.891175270080566,
        "avg_risk_exposure": 0.12356985360383987,
        "avg_redundant_actions": 0.0,
        "avg_escalation_attempts": 0.48558759689331055,
        "kernel_unsafe_rate": 0.0,
        "stop_rate": 0.5543237328529358,
        "actionable_host_rate": 0.4745011031627655,
        "n_episodes": 451.0,
        "stop_precision": 1.0
      },
      "corporate_app": {
        "success_rate": 0.6378865838050842,
        "avg_steps": 7.7358245849609375,
        "avg_reward": 15.312358856201172,
        "avg_risk_exposure": 0.14067010581493378,
        "avg_redundant_actions": 0.0,
        "avg_escalation_attempts": 0.7332473993301392,
        "kernel_unsafe_rate": 0.0,
        "stop_rate": 0.36211341619491577,
        "actionable_host_rate": 0.6932989954948425,
        "n_episodes": 776.0,
        "stop_precision": 0.9964413046836853
      },
      "ctf_lab": {
        "success_rate": 0.8264984488487244,
        "avg_steps": 7.451104164123535,
        "avg_reward": 18.491735458374023,
        "avg_risk_exposure": 0.22340694069862366,
        "avg_redundant_actions": 0.0,
        "avg_escalation_attempts": 0.9716088175773621,
        "kernel_unsafe_rate": 0.0,
        "stop_rate": 0.17350158095359802,
        "actionable_host_rate": 0.8769716024398804,
        "n_episodes": 317.0,