{
  "baseline": {
    "overall": {
      "success_rate": 0.6676666736602783,
      "avg_steps": 6.857333183288574,
      "avg_reward": 14.574779510498047,
      "avg_risk_exposure": 0.1379866749048233,
      "avg_redundant_actions": 0.0,
      "avg_escalation_attempts": 0.7310000061988831,
      "kernel_unsafe_rate": 0.0,
      "stop_rate": 0.3323333263397217,
      "actionable_host_rate": 0.6990000009536743,
      "n_episodes": 3000.0,
      "stop_precision": 1.0
    },
    "per_seed": [
      {
        "success_rate": 0.6610000133514404,
        "avg_steps": 6.875999927520752,
        "avg_reward": 14.53762149810791,
        "avg_risk_exposure": 0.13528001308441162,
        "avg_redundant_actions": 0.0,
        "avg_escalation_attempts": 0.7160000205039978,
        "kernel_unsafe_rate": 0.0,
        "stop_rate": 0.33899998664855957,
        "actionable_host_rate": 0.6880000233650208,
        "n_episodes": 1000.0,
        "stop_precision": 1.0,
        "seed": 7.0
      },
      {
        "success_rate": 0.6710000038146973,
        "avg_steps": 6.827000141143799,
        "avg_reward": 14.61401081085205,
        "avg_risk_exposure": 0.1352900117635727,
        "avg_redundant_actions": 0.0,
        "avg_escalation_attempts": 0.7360000014305115,
        "kernel_unsafe_rate": 0.0,
        "stop_rate": 0.32899999618530273,
        "actionable_host_rate": 0.7089999914169312,
        "n_episodes": 1000.0,
        "stop_precision": 1.0,
        "seed": 42.0
      },
      {
        "success_rate": 0.6710000038146973,
        "avg_steps": 6.86899995803833,
        "avg_reward": 14.572710990905762,
        "avg_risk_exposure": 0.1433900147676468,
        "avg_redundant_actions": 0.0,
        "avg_escalation_attempts": 0.7409999966621399,
        "kernel_unsafe_rate": 0.0,
        "stop_rate": 0.32899999618530273,
        "actionable_host_rate": 0.699999988079071,
        "n_episodes": 1000.0,
        "stop_precision": 1.0,
        "seed": 1337.0
      }
    ],
    "per_archetype": {
      "containerized_app": {
        "success_rate": 0.4535147249698639,
        "avg_steps": 8.074830055236816,
        "avg_reward": 13.648140907287598,
        "avg_risk_exposure": 0.12487528473138809,
        "avg_redundant_actions": 0.0,
        "avg_escalation_attempts": 0.4852607846260071,
        "kernel_unsafe_rate": 0.0,
        "stop_rate": 0.5464852452278137,
        "actionable_host_rate": 0.478458046913147,
        "n_episodes": 441.0,
        "stop_precision": 1.0
      },
      "corporate_app": {
        "success_rate": 0.6572890281677246,
        "avg_steps": 7.02046012878418,
        "avg_reward": 14.652583122253418,
        "avg_risk_exposure": 0.13386189937591553,
        "avg_redundant_actions": 0.0,
        "avg_escalation_attempts": 0.7289002537727356,
        "kernel_unsafe_rate": 0.0,
        "stop_rate": 0.3427110016345978,
        "actionable_host_rate": 0.7033247947692871,
        "n_episodes": 782.0,
        "stop_precision": 1.0
      },
      "ctf_lab": {
        "success_rate": 0.8454258441925049,
        "avg_steps": 6.539432048797607,
        "avg_reward": 16.050033569335938,
        "avg_risk_exposure": 0.22189275920391083,
        "avg_redundant_actions": 0.0,
        "avg_escalation_attempts": 0.9684542417526245,
        "kernel_unsafe_rate": 0.0,
        "stop_rate": 0.15457412600517273,
        "actionable_host_rate": 0.8801261782646179,
        "n_episodes": 317.0,
        "stop_precision": 1.0
      },
      "hardened_host": {
        "success_rate": 0.24625267088413239,
        "avg_steps": 8.942184448242188,
        "avg_reward": 11.329442024230957,
        "avg_risk_exposure": 0.06327623128890991,
        "avg_redundant_actions": 0.0,
        "avg_escalation_attempts": 0.30620986223220825,
        "kernel_unsafe_rate": 0.0,
        "stop_rate": 0.7537473440170288,
        "actionable_host_rate": 0.2847965657711029,
        "n_episodes": 467.0,
        "stop_precision": 1.0,
        "stop_precision_on_hardened_hosts": 1.0
      },
      "neglected_server": {
        "success_rate": 0.9123867154121399,
        "avg_steps": 5.309164047241211,
        "avg_reward": 15.980342864990234,
        "avg_risk_exposure": 0.1554078608751297,
        "avg_redundant_actions": 0.0,
        "avg_escalation_attempts": 0.965760350227356,
        "kernel_unsafe_rate": 0.0,
        "stop_rate": 0.0876132920384407,
        "actionable_host_rate": 0.9305136203765869,
        "n_episodes": 993.0,
        "stop_precision": 1.0
      }
    }
  },
  "dqn": {
    "overall": {
      "success_rate": 0.40833333134651184,
      "avg_steps": 10.156999588012695,
      "avg_reward": 17.06760025024414,
      "avg_risk_exposure": 0.1751999855041504,
      "avg_redundant_actions": 0.0,
      "avg_escalation_attempts": 0.5653333067893982,
      "kernel_unsafe_rate": 0.09399999678134918,
      "stop_rate": 0.5916666388511658,
      "actionable_host_rate": 0.7076666951179504,
      "n_episodes": 3000.0,
      "stop_precision": 0.5442253351211548
    },
    "per_seed": [
      {
        "success_rate": 0.3889999985694885,
        "avg_steps": 10.15999984741211,
        "avg_reward": 16.907840728759766,
        "avg_risk_exposure": 0.1686599999666214,
        "avg_redundant_actions": 0.0,
        "avg_escalation_attempts": 0.5490000247955322,
        "kernel_unsafe_rate": 0.09600000083446503,
        "stop_rate": 0.6110000014305115,
        "actionable_host_rate": 0.6970000267028809,
        "n_episodes": 1000.0,
        "stop_precision": 0.5531914830207825,
        "seed": 7.0
      },
      {
        "success_rate": 0.4020000100135803,
        "avg_steps": 10.149999618530273,
        "avg_reward": 16.908960342407227,
        "avg_risk_exposure": 0.1715400069952011,
        "avg_redundant_actions": 0.0,
        "avg_escalation_attempts": 0.5519999861717224,
        "kernel_unsafe_rate": 0.0860000029206276,
        "stop_rate": 0.5979999899864197,
        "actionable_host_rate": 0.7089999914169312,
        "n_episodes": 1000.0,
        "stop_precision": 0.5367892980575562,
        "seed": 42.0
      },
      {
        "success_rate": 0.4339999854564667,
        "avg_steps": 10.16100025177002,
        "avg_reward": 17.38599967956543,
        "avg_risk_exposure": 0.18539999425411224,
        "avg_redundant_actions": 0.0,
        "avg_escalation_attempts": 0.5950000286102295,
        "kernel_unsafe_rate": 0.10000000149011612,
        "stop_rate": 0.5659999847412109,
        "actionable_host_rate": 0.7170000076293945,
        "n_episodes": 1000.0,
        "stop_precision": 0.5424028038978577,
        "seed": 1337.0
      }
    ],
    "per_archetype": {
      "containerized_app": {
        "success_rate": 0.38789236545562744,
        "avg_steps": 10.062780380249023,
        "avg_reward": 15.702959060668945,
        "avg_risk_exposure": 0.134932741522789,
        "avg_redundant_actions": 0.0,
        "avg_escalation_attempts": 0.4506726562976837,
        "kernel_unsafe_rate": 0.011210761964321136,
        "stop_rate": 0.6121076345443726,
        "actionable_host_rate": 0.5201793909072876,
        "n_episodes": 446.0,
        "stop_precision": 0.8351648449897766
      },
      "corporate_app": {
        "success_rate": 0.3265306055545807,
        "avg_steps": 10.17006778717041,
        "avg_reward": 15.139034271240234,
        "avg_risk_exposure": 0.15008163452148438,
        "avg_redundant_actions": 0.0,
        "avg_escalation_attempts": 0.49659863114356995,
        "kernel_unsafe_rate": 0.050340134650468826,
        "stop_rate": 0.6734693646430969,
        "actionable_host_rate": 0.684353768825531,
        "n_episodes": 735.0,
        "stop_precision": 0.5373737215995789
      },
      "ctf_lab": {
        "success_rate": 0.5793103575706482,
        "avg_steps": 10.186206817626953,
        "avg_reward": 17.95841407775879,
        "avg_risk_exposure": 0.26089656352996826,
        "avg_redundant_actions": 0.0,
        "avg_escalation_attempts": 0.7655172348022461,