{
  "baseline": {
    "overall": {
      "success_rate": 0.6676666736602783,
      "avg_steps": 6.857333183288574,
      "avg_reward": 14.574779510498047,
      "avg_risk_exposure": 0.1379866749048233,
      "avg_redundant_actions": 0.0,
      "avg_escalation_attempts": 0.7310000061988831,
      "kernel_unsafe_rate": 0.0,
      "stop_rate": 0.3323333263397217,
      "actionable_host_rate": 0.6990000009536743,
      "n_episodes": 3000.0,
      "stop_precision": 1.0
    },
    "per_seed": [
      {
        "success_rate": 0.6610000133514404,
        "avg_steps": 6.875999927520752,
        "avg_reward": 14.53762149810791,
        "avg_risk_exposure": 0.13528001308441162,
        "avg_redundant_actions": 0.0,
        "avg_escalation_attempts": 0.7160000205039978,
        "kernel_unsafe_rate": 0.0,
        "stop_rate": 0.33899998664855957,
        "actionable_host_rate": 0.6880000233650208,
        "n_episodes": 1000.0,
        "stop_precision": 1.0,
        "seed": 7.0
      },
      {
        "success_rate": 0.6710000038146973,
        "avg_steps": 6.827000141143799,
        "avg_reward": 14.61401081085205,
        "avg_risk_exposure": 0.1352900117635727,
        "avg_redundant_actions": 0.0,
        "avg_escalation_attempts": 0.7360000014305115,
        "kernel_unsafe_rate": 0.0,
        "stop_rate": 0.32899999618530273,
        "actionable_host_rate": 0.7089999914169312,
        "n_episodes": 1000.0,
        "stop_precision": 1.0,
        "seed": 42.0
      },
      {
        "success_rate": 0.6710000038146973,
        "avg_steps": 6.86899995803833,
        "avg_reward": 14.572710990905762,
        "avg_risk_exposure": 0.1433900147676468,
        "avg_redundant_actions": 0.0,
        "avg_escalation_attempts": 0.7409999966621399,
        "kernel_unsafe_rate": 0.0,
        "stop_rate": 0.32899999618530273,
        "actionable_host_rate": 0.699999988079071,
        "n_episodes": 1000.0,
        "stop_precision": 1.0,
        "seed": 1337.0
      }
    ],
    "per_archetype": {
      "containerized_app": {
        "success_rate": 0.4535147249698639,
        "avg_steps": 8.074830055236816,
        "avg_reward": 13.648140907287598,
        "avg_risk_exposure": 0.12487528473138809,
        "avg_redundant_actions": 0.0,
        "avg_escalation_attempts": 0.4852607846260071,
        "kernel_unsafe_rate": 0.0,
        "stop_rate": 0.5464852452278137,
        "actionable_host_rate": 0.478458046913147,
        "n_episodes": 441.0,
        "stop_precision": 1.0
      },
      "corporate_app": {
        "success_rate": 0.6572890281677246,
        "avg_steps": 7.02046012878418,
        "avg_reward": 14.652583122253418,
        "avg_risk_exposure": 0.13386189937591553,
        "avg_redundant_actions": 0.0,
        "avg_escalation_attempts": 0.7289002537727356,
        "kernel_unsafe_rate": 0.0,
        "stop_rate": 0.3427110016345978,
        "actionable_host_rate": 0.7033247947692871,
        "n_episodes": 782.0,
        "stop_precision": 1.0
      },
      "ctf_lab": {
        "success_rate": 0.8454258441925049,
        "avg_steps": 6.539432048797607,
        "avg_reward": 16.050033569335938,
        "avg_risk_exposure": 0.22189275920391083,
        "avg_redundant_actions": 0.0,
        "avg_escalation_attempts": 0.9684542417526245,
        "kernel_unsafe_rate": 0.0,
        "stop_rate": 0.15457412600517273,
        "actionable_host_rate": 0.8801261782646179,
        "n_episodes": 317.0,
        "stop_precision": 1.0
      },
      "hardened_host": {
        "success_rate": 0.24625267088413239,
        "avg_steps": 8.942184448242188,
        "avg_reward": 11.329442024230957,
        "avg_risk_exposure": 0.06327623128890991,
        "avg_redundant_actions": 0.0,
        "avg_escalation_attempts": 0.30620986223220825,
        "kernel_unsafe_rate": 0.0,
        "stop_rate": 0.7537473440170288,
        "actionable_host_rate": 0.2847965657711029,
        "n_episodes": 467.0,
        "stop_precision": 1.0,
        "stop_precision_on_hardened_hosts": 1.0
      },
      "neglected_server": {
        "success_rate": 0.9123867154121399,
        "avg_steps": 5.309164047241211,
        "avg_reward": 15.980342864990234,
        "avg_risk_exposure": 0.1554078608751297,
        "avg_redundant_actions": 0.0,
        "avg_escalation_attempts": 0.965760350227356,
        "kernel_unsafe_rate": 0.0,
        "stop_rate": 0.0876132920384407,
        "actionable_host_rate": 0.9305136203765869,
        "n_episodes": 993.0,
        "stop_precision": 1.0
      }
    }
  },
  "dqn": {
    "overall": {
      "success_rate": 0.6723333597183228,
      "avg_steps": 10.170000076293945,
      "avg_reward": 20.29595947265625,
      "avg_risk_exposure": 0.22203999757766724,
      "avg_redundant_actions": 0.0,
      "avg_escalation_attempts": 0.8423333168029785,
      "kernel_unsafe_rate": 0.09533333033323288,
      "stop_rate": 0.32766667008399963,
      "actionable_host_rate": 0.7116666436195374,
      "n_episodes": 3000.0,
      "stop_precision": 1.0
    },
    "per_seed": [
      {
        "success_rate": 0.671999990940094,
        "avg_steps": 10.166000366210938,
        "avg_reward": 20.33694839477539,
        "avg_risk_exposure": 0.22644999623298645,
        "avg_redundant_actions": 0.0,
        "avg_escalation_attempts": 0.8379999995231628,
        "kernel_unsafe_rate": 0.10499999672174454,
        "stop_rate": 0.328000009059906,
        "actionable_host_rate": 0.7049999833106995,
        "n_episodes": 1000.0,
        "stop_precision": 1.0,
        "seed": 7.0
      },
      {
        "success_rate": 0.6809999942779541,
        "avg_steps": 10.166000366210938,
        "avg_reward": 20.33346176147461,
        "avg_risk_exposure": 0.21943999826908112,
        "avg_redundant_actions": 0.0,
        "avg_escalation_attempts": 0.847000002861023,
        "kernel_unsafe_rate": 0.08900000154972076,
        "stop_rate": 0.3190000057220459,
        "actionable_host_rate": 0.722000002861023,
        "n_episodes": 1000.0,
        "stop_precision": 1.0,
        "seed": 42.0
      },
      {
        "success_rate": 0.6639999747276306,
        "avg_steps": 10.178000450134277,
        "avg_reward": 20.21746826171875,
        "avg_risk_exposure": 0.22022999823093414,
        "avg_redundant_actions": 0.0,
        "avg_escalation_attempts": 0.8420000076293945,
        "kernel_unsafe_rate": 0.09200000017881393,
        "stop_rate": 0.335999995470047,
        "actionable_host_rate": 0.7080000042915344,
        "n_episodes": 1000.0,
        "stop_precision": 1.0,
        "seed": 1337.0
      }
    ],
    "per_archetype": {
      "containerized_app": {
        "success_rate": 0.4602150619029999,
        "avg_steps": 10.045161247253418,
        "avg_reward": 16.65447235107422,
        "avg_risk_exposure": 0.14101074635982513,
        "avg_redundant_actions": 0.0,
        "avg_escalation_attempts": 0.5053763389587402,
        "kernel_unsafe_rate": 0.006451612804085016,
        "stop_rate": 0.5397849678993225,
        "actionable_host_rate": 0.4881720542907715,
        "n_episodes": 465.0,
        "stop_precision": 1.0
      },
      "corporate_app": {
        "success_rate": 0.6062992215156555,
        "avg_steps": 10.171916007995605,
        "avg_reward": 18.368896484375,
        "avg_risk_exposure": 0.17887140810489655,
        "avg_redundant_actions": 0.0,
        "avg_escalation_attempts": 0.778215229511261,
        "kernel_unsafe_rate": 0.048556432127952576,
        "stop_rate": 0.3937007784843445,
        "actionable_host_rate": 0.6692913174629211,
        "n_episodes": 762.0,
        "stop_precision": 1.0
      },
      "ctf_lab": {
        "success_rate": 0.8176470398902893,
        "avg_steps": 10.208823204040527,
        "avg_reward": 20.93829345703125,
        "avg_risk_exposure": 0.3055294156074524,
        "avg_redundant_actions": 0.0,
        "avg_escalation_attempts": 1.0264705419540405,
        "kernel_unsafe_rate": 0.12941177189350128,
        "stop_rate": 0.1823529452085495,