{
  "baseline": {
    "overall": {
      "success_rate": 0.6676666736602783,
      "avg_steps": 6.857333183288574,
      "avg_reward": 10.02942943572998,
      "avg_risk_exposure": 0.1379866749048233,
      "avg_redundant_actions": 0.0,
      "avg_escalation_attempts": 0.7310000061988831,
      "kernel_unsafe_rate": 0.0,
      "stop_rate": 0.3323333263397217,
      "actionable_host_rate": 0.6990000009536743,
      "n_episodes": 3000.0,
      "stop_precision": 1.0
    },
    "per_seed": [
      {
        "success_rate": 0.6610000133514404,
        "avg_steps": 6.875999927520752,
        "avg_reward": 9.930468559265137,
        "avg_risk_exposure": 0.13528001308441162,
        "avg_redundant_actions": 0.0,
        "avg_escalation_attempts": 0.7160000205039978,
        "kernel_unsafe_rate": 0.0,
        "stop_rate": 0.33899998664855957,
        "actionable_host_rate": 0.6880000233650208,
        "n_episodes": 1000.0,
        "stop_precision": 1.0,
        "seed": 7.0
      },
      {
        "success_rate": 0.6710000038146973,
        "avg_steps": 6.827000141143799,
        "avg_reward": 10.094209671020508,
        "avg_risk_exposure": 0.1352900117635727,
        "avg_redundant_actions": 0.0,
        "avg_escalation_attempts": 0.7360000014305115,
        "kernel_unsafe_rate": 0.0,
        "stop_rate": 0.32899999618530273,
        "actionable_host_rate": 0.7089999914169312,
        "n_episodes": 1000.0,
        "stop_precision": 1.0,
        "seed": 42.0
      },
      {
        "success_rate": 0.6710000038146973,
        "avg_steps": 6.86899995803833,
        "avg_reward": 10.06360912322998,
        "avg_risk_exposure": 0.1433900147676468,
        "avg_redundant_actions": 0.0,
        "avg_escalation_attempts": 0.7409999966621399,
        "kernel_unsafe_rate": 0.0,
        "stop_rate": 0.32899999618530273,
        "actionable_host_rate": 0.699999988079071,
        "n_episodes": 1000.0,
        "stop_precision": 1.0,
        "seed": 1337.0
      }
    ],
    "per_archetype": {
      "containerized_app": {
        "success_rate": 0.4535147249698639,
        "avg_steps": 8.074830055236816,
        "avg_reward": 6.038390636444092,
        "avg_risk_exposure": 0.12487528473138809,
        "avg_redundant_actions": 0.0,
        "avg_escalation_attempts": 0.4852607846260071,
        "kernel_unsafe_rate": 0.0,
        "stop_rate": 0.5464852452278137,
        "actionable_host_rate": 0.478458046913147,
        "n_episodes": 441.0,
        "stop_precision": 1.0
      },
      "corporate_app": {
        "success_rate": 0.6572890281677246,
        "avg_steps": 7.02046012878418,
        "avg_reward": 9.756803512573242,
        "avg_risk_exposure": 0.13386189937591553,
        "avg_redundant_actions": 0.0,
        "avg_escalation_attempts": 0.7289002537727356,
        "kernel_unsafe_rate": 0.0,
        "stop_rate": 0.3427110016345978,
        "actionable_host_rate": 0.7033247947692871,
        "n_episodes": 782.0,
        "stop_precision": 1.0
      },
      "ctf_lab": {
        "success_rate": 0.8454258441925049,
        "avg_steps": 6.539432048797607,
        "avg_reward": 13.039937019348145,
        "avg_risk_exposure": 0.22189275920391083,
        "avg_redundant_actions": 0.0,
        "avg_escalation_attempts": 0.9684542417526245,
        "kernel_unsafe_rate": 0.0,
        "stop_rate": 0.15457412600517273,
        "actionable_host_rate": 0.8801261782646179,
        "n_episodes": 317.0,
        "stop_precision": 1.0
      },
      "hardened_host": {
        "success_rate": 0.24625267088413239,
        "avg_steps": 8.942184448242188,
        "avg_reward": 2.1251606941223145,
        "avg_risk_exposure": 0.06327623128890991,
        "avg_redundant_actions": 0.0,
        "avg_escalation_attempts": 0.30620986223220825,
        "kernel_unsafe_rate": 0.0,
        "stop_rate": 0.7537473440170288,
        "actionable_host_rate": 0.2847965657711029,
        "n_episodes": 467.0,
        "stop_precision": 1.0,
        "stop_precision_on_hardened_hosts": 1.0
      },
      "neglected_server": {
        "success_rate": 0.9123867154121399,
        "avg_steps": 5.309164047241211,
        "avg_reward": 14.772838592529297,
        "avg_risk_exposure": 0.1554078608751297,
        "avg_redundant_actions": 0.0,
        "avg_escalation_attempts": 0.965760350227356,
        "kernel_unsafe_rate": 0.0,
        "stop_rate": 0.0876132920384407,
        "actionable_host_rate": 0.9305136203765869,
        "n_episodes": 993.0,
        "stop_precision": 1.0
      }
    }
  },
  "dqn": {
    "overall": {
      "success_rate": 0.6653333306312561,
      "avg_steps": 5.503333568572998,
      "avg_reward": 10.24901008605957,
      "avg_risk_exposure": 0.15357334911823273,
      "avg_redundant_actions": 0.0,
      "avg_escalation_attempts": 0.7416666746139526,
      "kernel_unsafe_rate": 0.0023333332501351833,
      "stop_rate": 0.3346666693687439,
      "actionable_host_rate": 0.7043333053588867,
      "n_episodes": 3000.0,
      "stop_precision": 0.9950199127197266
    },
    "per_seed": [
      {
        "success_rate": 0.656000018119812,
        "avg_steps": 5.568999767303467,
        "avg_reward": 10.09766960144043,
        "avg_risk_exposure": 0.14982999861240387,
        "avg_redundant_actions": 0.0,
        "avg_escalation_attempts": 0.7229999899864197,
        "kernel_unsafe_rate": 0.003000000026077032,
        "stop_rate": 0.3440000116825104,
        "actionable_host_rate": 0.6899999976158142,
        "n_episodes": 1000.0,
        "stop_precision": 0.9970930218696594,
        "seed": 7.0
      },
      {
        "success_rate": 0.6650000214576721,
        "avg_steps": 5.448999881744385,
        "avg_reward": 10.25055980682373,
        "avg_risk_exposure": 0.14869000017642975,
        "avg_redundant_actions": 0.0,
        "avg_escalation_attempts": 0.7429999709129333,
        "kernel_unsafe_rate": 0.0010000000474974513,
        "stop_rate": 0.33500000834465027,
        "actionable_host_rate": 0.7099999785423279,
        "n_episodes": 1000.0,
        "stop_precision": 0.9910447597503662,
        "seed": 42.0
      },
      {
        "success_rate": 0.675000011920929,
        "avg_steps": 5.492000102996826,
        "avg_reward": 10.398799896240234,
        "avg_risk_exposure": 0.16220001876354218,
        "avg_redundant_actions": 0.0,
        "avg_escalation_attempts": 0.7590000033378601,
        "kernel_unsafe_rate": 0.003000000026077032,
        "stop_rate": 0.32499998807907104,
        "actionable_host_rate": 0.7129999995231628,
        "n_episodes": 1000.0,
        "stop_precision": 0.9969230890274048,
        "seed": 1337.0
      }
    ],
    "per_archetype": {
      "containerized_app": {
        "success_rate": 0.44700461626052856,
        "avg_steps": 7.0760369300842285,
        "avg_reward": 6.1635942459106445,
        "avg_risk_exposure": 0.12269585579633713,
        "avg_redundant_actions": 0.0,
        "avg_escalation_attempts": 0.48156681656837463,
        "kernel_unsafe_rate": 0.0,
        "stop_rate": 0.5529953837394714,
        "actionable_host_rate": 0.47235023975372314,
        "n_episodes": 434.0,
        "stop_precision": 1.0
      },
      "corporate_app": {
        "success_rate": 0.6394293308258057,
        "avg_steps": 5.778210163116455,
        "avg_reward": 9.65722370147705,
        "avg_risk_exposure": 0.14725032448768616,
        "avg_redundant_actions": 0.0,
        "avg_escalation_attempts": 0.7341115474700928,
        "kernel_unsafe_rate": 0.002594033721834421,
        "stop_rate": 0.3605706989765167,
        "actionable_host_rate": 0.7029831409454346,
        "n_episodes": 771.0,
        "stop_precision": 1.0
      },
      "ctf_lab": {
        "success_rate": 0.824840784072876,
        "avg_steps": 5.0573248863220215,
        "avg_reward": 12.934554100036621,
        "avg_risk_exposure": 0.23025478422641754,
        "avg_redundant_actions": 0.0,
        "avg_escalation_attempts": 0.9713375568389893,
        "kernel_unsafe_rate": 0.006369426846504211,